street,zip_code
5012 Ang Mo Kio Avenue 5 05-03,569876
19 Recreation Lane,546571International calling cardsSingapore relocation service
24 Defu Lane 10 01-232,539205
3 Joo Koon Road,628967
15 Shaw Road,367953
403 Tagore Avenue,787798
1 Rochor Canal Rd #01-64,188504
02-1248 PEOPLES PK 32 NEW MARKET RD,050032
11 New Bridge Road 04-01,059383
1 Harbourfront Avenue 05-01 Keppel Bay Tower,098632
252 North Bridge Road #B1-51 Raffles City Shopping Centre,179103
2 Maju Avenue Serangoon Garden Estate,556680
499 Yio Chu Kang Road 01-06,787082
37 Kallang Pudding Rd #02-01,349315
"200 VICTORIA STREET, #02-49",188021
111 North Bridge Road 12-05,179098
1 Harbourfront Walk Vivocity #01-186,098585
1 Leonie Hill Rd,239191
10 Anson Road #30-07 International Plaza,079903
24 Lorong Pisang Raja,597756Singapore relocation serviceInternational calling cards
420 NORTH BRIDGE ROAD#02-04,188727
"80, Genting Lane, Ruby Industrial Complex, Genting Block",349565
200 Victoria St #02-12,188021
"5 Siglap Road ,02-48International calling cardsSingapore relocation service",448908
6 Kwong Min Road,628709
3 New Bugis St #01-08,188867
14 Tanjong Penjuru Crescent,608976
6001 Beach Road 02-37 Golden Mile Tower,199589
"583 Orchard Road 13-01, 13-01 Forum,",238884
391 Orchard Road #22-06/10 Ngee Ann City,238872
22 Tai Gin Rd.,327873
Lagoon View 5000N Marine Parade Road #22-58,449295Singapore travel guideInternational calling cards
Tat Ann Building 40 Jalan Pemimpin #04-07f,577185
1 Kaki Bukit View #05-11 TechviewInternational calling cardsSingapore travel guide,415941
Woodlands Ring Rg,730899
11 SMITH ST,058925
Q B Food Trading Pte Ltd 8 Chin Bee Crescent,619893
237 Arcadia Road 02-03,289844
41a Lorong L Telok Kurau,425454
9 Sungei Kadut Crescent,728687
61 TEBAN GARDENS ROAD 01-07 MULTI STOREY CAR PARK,600061
"Blk 131 Potong Pasir AVE 1, 01-187International calling cardsSingapore relocation service",350131
Comfort Delgro 205 Braddell Road #01-00,579701
9008 Tampines St 93 #04-07,528843
21 Science Park Road #02-01 The Aquarius,117628
432 Race Course Road,218678
"HDB Hougang #01-109, 15 Hougang Avenue 3",530015
"10 TOH GUAN ROAD, #06-00",608838
100 jalan sultan 04-02 sultan plaza,199001
101 UPPER CROSS STREET 05-07,058357Singapore relocation serviceInternational calling cards
84 Corporation Road 04-10,649821
"BLK 665 BUFFALO ROAD, #02-79International calling cardsSingapore relocation service",210665
8 8 Wholesale Centre 01-259,110008
People's Park Centre 101 Upper Cross Street #02-26International calling cardsSingapore relocation service,058357
Irving Industrial Building 3 Irving Road #05-06,369522
10 SINARAN DRIVE 03-85 SQUARE 2,307506
15 Scotts Rd #08-13 Thong Teck Bldg S(),228218
153 Bt Batok St 11 #02-294,650153
Minwa Industrial Building 39 Genting Lane #03-01,349554
317 Outram Rd #02-22International calling cardsSingapore relocation service,169075
1003 Toa Payoh Ind Pk #04-1505,319075
"BLK 1009 BUKIT MERAH LANE 3, #01-90",159723Singapore travel guideInternational calling cards
38 HOOT KIAM ROAD,249410
168 Robinson Road #14-00 CAPITAL TOWERInternational calling cardsSingapore travel guide,068912
1 Tanjong Pagar Road #01-53 TANJONG PAGAR PLAZA,082001
"Blk 409, , 05-792, Sembawang DriveSingapore travel guideInternational calling cards",750409
3 Hoy Fatt Rd S(),159504
460 Alexandra Road #24-04 Psa Building,119963Singapore relocation serviceInternational calling cards
222 PASIR PANJANG ROAD,118583
Tanjong Katong Complex 845 Geylang Road #02-21International calling cardsSingapore relocation service,400845
460 Alexandra Road #08-01 Psa Building,119963
Hong Leong Building 16 Raffles Quay #b1-17Singapore relocation serviceInternational calling cards,048581
171 tras street 04-171a union building,079025
192 Waterloo Street #04-03 Skyline Building,187966
"Blk 101, Boon Keng Road, ,05-08International calling cards",339773
Heritage Place 21 Tan Quee Lan Street #02-04,188108
255A CHANGI RD,419745
3 Pemimpin Drive #07-04 Lip Hing Industrial Building,576147
Bendemeer Rd,330043
7500 A Beach Road,199591
10 Anson Road 05-17 International Plaza,079903
111 North Bridge Road 07-34 Peninsula Plaza,179098
28 Yarwood Ave,588000
"107 Tampines St 11 ,02-351Singapore relocation serviceInternational calling cards",521107
"39, Geylang Seria, 889b Malay Village",409227
Halcyon Offshore 11 Tuas Crescent,638705
"35 FISHERY PORT ROAD, ROOM 128",619742
Telok Blangah House 52 Telok Blangah Road #04-03,098829
100 Jln Sultan #02-20,199001
Holiday Inn Atrium & Concorde Shopping Centre 317 Outram Road #03-06Singapore relocation serviceInternational calling cards,169075
Blk 750 Oasis Chai Chee Road #01-01 Technopark@Chai Chee,469000
21 Wan Lee Rd,627949
361 JOO CHIAT PL,428023
480 Lorong 6 Toa Payoh EAST WING #09-01 Hdb Centre,310480
48 Toh Guan Road East #08-99 Enterprise Hub,608586
Behn Meyer Building 100 Pasir Panjang Road,118518
205 River Valley Road #01-76,238274
100 Eu Tong Sen Street 02-28 Pearl Centre,059812Singapore travel guideInternational calling cards
"Blk 1004 Toa Payoh Industrial Park Lorong 8, 03-1483",319076
9 TUAS AVENUE 11Singapore travel guideInternational calling cards,639075
BLK 38 DEFU LANE 10#02-03,539215
391A Orchard Rd #l2-01Singapore travel guideInternational calling cards,238873
79 Science Park Drive #05-08 Cintech IV Science Park One,118264
16 Jalan Kilang Timor #04-04,159308
151 Choa Chu Kang Way #02-06 Block 811,688248
6 Napier Rd #08-08 Gleneagles Medical Centre,258499
3 Tampines Grande #05-46 AIA (Tampines),528799
39 Sims Ave,387412
"15 Woodlands Loop, #02-24/25",738322
1085 Eunos Avenue 7A #02-18,409535
705 ANG MO KIO AVENUE 8 01-2567,560705
26 Ang Mo Kio Industrial Park 2 #01-00,569507
35 Selegie Road 05-08 Parklane Shopping Mall,188307
54 SUNGEI KADUT STREET 1,729357
150 Bh Road,189720
15 Woodlands Loop #04-06,738322
20 Watten Rise,287302
5 Upper Aljunied Link 04-05 Quartz Industrial Building,367903
603 Ang Mo Kio Ave 5 #01-2671,560603
"Cheers - HarbourFront Centre, 1 Maritime Square, Singapore relocation serviceInternational calling cards",099253
2 Bukit Merah Central 21st Floor,159835
Kitchener Complex 808 French Road #02-165,200808
"170 UPPER BUKIT TIMAH ROAD, #02-58",588179
29 FISHERY PORT ROAD,619740
12 Woodlands Link,738740
5001 BEACH RD 03-47,199588
"34 Bayshore Road 01-03 Tower 2B, The Bayshore,",469976
38 38 Woodlands Industrial Park E1 #07-06,757700Singapore relocation serviceInternational calling cards
"1 PASIR RIS CENTRAL STREET 3, #02-11",518457
1 COLOMBO COURT 05-16Singapore relocation serviceInternational calling cards,179742
"51 Changi Business Park Central 2, #09-02 The Signature",486066
77 Science Park Drive #02-14 Cintech IiiInternational calling cardsSingapore relocation service,118256
123 Tampines Street 11 #12-368,521123
"218 Orchard Rd, 04-01 Orchard Emerald Centre",238851
3016 Bedok North Avenue 4 08-16,489947
6001 Beach Road 12-06 Golden Mile Tower,199589
3 Jalan Pisang,199070
Boon Lay Shopping Centre 221 Boon Lay Place #02-138International calling cardsSingapore relocation service,640221
HDB Shunfu 314 Shunfu Road #03-148,570314
50A Jln Jurong Kechil,598578
"BLK 502 WEST COAST DRIVE, #01-55",120502
50 GENTING LANE 04-04,349558
Lippo Centre 78 Shenton Way #13-03,079120
10 Toh Guan road 10-00 TT International Business ParkInternational calling cardsSingapore travel guide,608838
627A AIjunied Rd #04-10,389842
Sim Lim Tower 10 Jalan Besar #03-01,208787Singapore relocation serviceInternational calling cards
150 Cecil Street 16-00,069543
109 North Bridge Road #02-20/21/22 FUNAN THE IT MALLInternational calling cardsSingapore relocation service,179097
"No.8 Liang Seah Street, #02-01, Liang Seah Court",189029
32 New Market Road 02-1070 People's ParkSingapore relocation serviceInternational calling cards,050032
#02-43 Central Square 20 Havelock Road,059705
"BLK 139 TAMPINES STREET 11, #01-80",521139Singapore relocation serviceInternational calling cards
16 Ayer Rajah Crescent 04-05G,139965
3 Kallang Sector #07-00Singapore relocation serviceInternational calling cards,349278
583 Orchard Road 16-01 Forum,238884
1021 Mornington Cres #02-11International calling cardsSingapore relocation service,798659
549A UPPER THOMSON ROAD,574414
216G Syed Alwi Road #01-05,207799Singapore travel guideInternational calling cards
2 Fan Yoong Rd #01-00,629780
10 Toh Guan Road 02-12International calling cardsSingapore travel guide,608838
Far East Shopping Centre 545 Orchard Road #03-39,238882
278 Bukit Batok East Avenue 3 01-353Singapore travel guideInternational calling cards,650278
15 Jalan Tepong #05-09 Jurong Food Hub,619336
101C Telok Ayer Street #03-02,068574Singapore relocation serviceInternational calling cards
20 Maxwell Road #08-09 Maxwell House,069113
105 Cecil Street 20-00 The OctagonInternational calling cardsSingapore relocation service,069534
130 Jurong East Street 13 04-233,600130
Vista Garden 5 Toh Tuck RiseSingapore relocation serviceInternational calling cards,596753
532 Pasir Ris Dr 1 #07-328,510532
5A JALAN PINANG,199137Singapore relocation serviceInternational calling cards
3 Defu Lane 9 S(),539245
HDB Marine 58 Marine Terrace #01-59International calling cardsSingapore relocation service,440058
51 OLD AIRPORT RD 02-143K,390051
Thomson Road,312581
48 Hillview Terrace #03-06 Hillview Building,669269
Yishun Ring Road,760853Singapore travel guideInternational calling cards
994 BENDEMEER ROAD 06-07,339943
169 BENCOOLEN ST,189610
211 New Bridge Road B2-05 Lucky Chinatown,059432
80 Anson Road #11-04 Fuji Xerox TowersInternational calling cardsSingapore travel guide,079907
605B MacPherson Road #06-09 CITIMAC INDUSTRIAL COMPLEX,368241
1 Kaki Bukit Avenue 1 KB-1,416087International calling cardsSingapore travel guide
25 Mandai Est #03-05,729930
"157 Yung Loh Road ,05Singapore travel guideInternational calling cards",610157
27 FOCH RD 05-05,209264
161 Ceylon Road,429722
100 Cecil Street #12-01 The Globe,069532
15 Hill Street #02-00 Telephone House II,179352
6001 BEACH ROAD 02-11 GOLDEN MILE TOWER,199589
Blk 633 Bukit Batok Central 01-126,650633
342 Jalan Boon Lay,619527
16 Raffles Quay #01-07 Hong Leong BuildingInternational calling cardsSingapore relocation service,048581
420 North Bridge Road #03-07 North Bridge Centre,188727
55 Chander Rd,219550
"11, Unity Street, 01-03/ 04 Robertson Walk",237995
49 Kampong Bahru Road,169362
AIA Alexandra 371 Alexandra Road #08-23,159963
"77 ROBINSON ROAD, #01-00",068896
"Blk 28c, Penjuru Close, # 01-03",609131
802 Tampines Avenue 4,520802
Pasir Panjang Wholesale Centre 9 Wholesale Centre #01-410,110009
1 Scotts Road #16-07 Shaw Centre,228208
11 Keng Cheow Street #02-03 Riverside Plazza,059608
32 Ang Mo Kio Industrial Park 2 07-12International calling cardsSingapore relocation service,569510
"BLK 14 PASIR PANJANG ROAD, #01-28",110014
"BLK 67 KALLANG BAHRU, #01-451",330067
1092 LOWER DELTA ROAD 03-14,169203
"132 PAYA LEBAR ROAD, #05-02",409020
16 Raffles Quay 19-01 Hong Leong Building,048581
"Harvey Norman - Suntec City Mall, 3 Suntec City Mall, International calling cardsSingapore relocation service",038983
Aljunied Industrial Complex 623 Aljunied Road #05-10,389835
1 Pasir Ris Central Street 3 #04-14 WHITE SANDS SHOPPING CENTRE,518457
"Enterprise Hup, 48 Toh Guan Road East, Enterprise Hup",608586
203 Hougang Street 21 04-85,530203
14 Mohamed Sultan Road #02-02,238963
"25a Hillview Ave, , 06-10",669617
137 Telok Ayer St #05-04,068602
260 Orchard Road #03-09 THE HEEREN,238855
"BLK 503 BISHAN STREET 11, #01-448",570503
9 Lor 21a Geylang #05-00,388428
137 Tampines St 11 #01-15,521137
150 Cecil Street #09-01International calling cardsSingapore relocation service,069543
31 Kaki Bukit Road 3 05-14/15 Techlink,417818
360 Orchard Road International Building,238869
100 Jln Sultan #03-14,199001
1 Jln Papan,619392
IMM Building 2 Jurong East Street 21 #02-106,609601
"BLK 32 NEW MARKET ROAD, #01-1110",050032
"Blk 920 Jurong West St-92, 08-75",640920
1003 Bukit Merah Central #05-27 TECHNOPRENEUR CENTRE @BUKIT MERAH,159836International calling cardsSingapore travel guide
10 JLN BESAR 02-09,208787
64D Kallang Pudding Road #10-00International calling cardsSingapore travel guide,349323
50 Kallang Bahru #02-22 KALLANG BASIN INDUSTRIAL ESTATE,339334
1012 Aljunied Avenue 3 01-51Singapore travel guideInternational calling cards,389935
1 Yishun Ave 9 Nee Soon East Community Centre,768893
15 MOHAMED SULTAN ROAD,238964International calling cardsSingapore relocation service
23 Fifth Ave,268786
1060 Eunos Ave 3 #01-182Singapore relocation serviceInternational calling cards,409850
"Suntec City Mall 3 Temasek Boulevard, #B1-012",038983
St 45Singapore relocation serviceInternational calling cards,521487
3025 Ubi Road 3 03-121,408653
HDB Bedok 531 Bedok North Street 3 #01-694,460531Singapore relocation serviceInternational calling cards
150 WOODLANDS INDUSTRIAL PARK E,757862
99 Bt Timah Rd #B2-01 Alfa Centre S()International calling cardsSingapore relocation service,229835
261 Waterloo Street #03-27 Waterloo Centre,180261
539 Hougang Street 52 #04-56Singapore relocation serviceInternational calling cards,530539
Block 4 Marsiling Industrial Estate Road 3 #01-28,739250
"No. 2 Arumugam Road, Lion Industrial Building",409856
25 International Business Park #04-07,609916
161 Lor 1 Toa Payoh #01-1600,310161
71 Toh Guan Road East 02-01,608598
26 Benoi Sector Jurong,629858
"100 HIGH STREET, #01-01",179434
14 Tanjong Penjuru Crescent,608976
Hong Leong Building 16 Raffles Quay #b1-17,048581
531A Up Cross St #04-96,051531
320 SERANGOON ROAD 04-55 SERANGOON PLAZA,218108
30 Pasir Ris Coast Industrial Park,518455
111 Serangoon Road,218016
"190 MIDDLE ROAD, #02-03",188979
63 Cantonment Road,089758
"5 RAFFLES AVENUE, #01-00",039797
Block 9004 Tampines Street 93 #03-84/88,528838
BLK 335 SMITH ST 02-140International calling cardsSingapore relocation service,050335
159 STILL ROAD,423994
46 MARINE CRESCENT,440046
267 Beach Road,199545
"273B New Bridge Road, Chinatown",088749
970 Toa Payoh North #05-01,318992
165 Bukit Merah Central #07-3661,150165
Ramakrishna Mission Temple And Boy's Home 179 Bartley Road,539784
180 PAYA LEBAR ROAD#05-04,409032
Dragon View Park 45 Jalan Mutiara #02-47,249220
"Paragon Shopping Centre, 290 Orchard Road,",238859
16 Raffles Quay 19-01 Hong Leong Building,048581
224 Loyang Avenue,509069
No 96-C Jalan Senang,418483
Siglap 1 Road,117300Singapore travel guideInternational calling cards
100 Jalan Sultan 01-23/25,199001
828 Tampines Street 81 #01-248International calling cardsSingapore travel guide,520828
10 Wholesale Centre #01-481,110010
238 Thomson Road 03-06 Novena SquareSingapore travel guideInternational calling cards,307683
Hougang Ave 7,530339
Honolulu Towers 341 Bukit Timah Road #16-01,259719
164 Bukit Merah Central 01-3631,150164
HDB-Bedok 629 Bedok Reservoir Road #04-1638,470629
211 Henderson Rd #13-01 Henderson Ind Pk S(),159552
470 North Bridge Road #05-15/16 North Bridge Commercial ComplexInternational calling cardsSingapore relocation service,188735
Tanjong Pagar Shop Houses 4 Duxton Hill,089590
29 Woodlands Industrial Park E1 04-13,757716
407 Ang Mo Kio Avenue 10,560407
3 Changi South Street 1,486795
190 MIDDLE RD 01-17 FORTUNE CENTRE,188979
139 UBI AVENUE 4 HENSON WAREHOUSE,408773
Kewalram Hillview 120 Hillview Avenue #05-01,669594
57 Marine Terrace,440057
515 Bedok North Avenue 2 01-205,460515
190 MIDDLE RD 01-17 FORTUNE CENTRE,188979
1 Kim Seng Promenade #06-02 GREAT WORLD CITY,237994
42C HONGKONG STREET,059681
6 Race Course Road,218570
35 Changi South,486134Singapore travel guideInternational calling cards
14 Third Chin Bee Road,618690
644 Hougang Avenue 8 01-259International calling cardsSingapore travel guide,530644
8 Defu Lane 8,539313
545 Orchard Road 08-11 Far East Shopping CentreSingapore travel guideInternational calling cards,238882
People's Park Centre 101 Upper Cross Street #03-07,058357
65A JALAN TENTERAM St Michael's Ind'l Estate Flatted Factory,328958International calling cards
194 Pandan Loop #07-21 PANTECH INDUSTRIAL COMPLEX,128383
435 Orchard Road 04-27 Wisma Atria,238877
4 Penjuru Close,608574
31 Gul Road,629358
18 Boon Lay Way #06-111,609966
283 BISHAN STREET 22 01-177,570283
10 Jalan Besar #07-04 Sim Lim Tower,208787
"3 MOUNT ELIZABETH, #04-03/04",228510
373 BALESTIER RD,329709
1 MARINE PARADE CENTRAL 09-06 PARKWAY CENTREInternational calling cardsSingapore travel guide,449408
5028 Ang Mo Kio Industrial Park 2 01-185,569531
1 Selegie Road #06-21 Paradiz Centre,188306
Jurong Point 1 Jurong West Central 2 #03-42,648886
1 Ubi view #03-03 Focus One,408555
11 Collyer Quay #01-24 The Arcade,049317
5 Kaki Bukit Road 2 #01-10 & #02-10 CITY WAREHOUSESingapore travel guideInternational calling cards,417839
"34 Bayshore Road 01-03 Tower 2B, The Bayshore,",469976
261 Yishun St 22 #01-137,760261
The Aquarius 21 Science Park Road #03-05,117628
53 Ang Mo Kio Ave 3 #03-12 Ang Mo Kio Hub S(),569933
180 Orchard Road #02-00 Peranakan Place,238846
13 Hougang Ave 7 #01-519International calling cardsSingapore relocation service,538798
3 Coleman Street #04-21 Peninsula Excelsior Shopping Centre,179804
The Adelphi 1 Coleman Street #07-09,179803
42 East Coast Rd #02-00,428762
50 Bt Batok East Ave 5 #17-01,659801
278 SOUTH BRIDGE ROAD,058827
65 Mohamed Sultan Rd,239003
142 Tamarind Rd,806089
138 Cecil Street #12-01 Cecil Court,069538Singapore travel guideInternational calling cards
"170 UPPER BUKIT TIMAH ROAD, #05-32",588179
416 Bedok Nth Ave 2 #01-27International calling cardsSingapore travel guide,460416
111 ARAB ST,199807
125 Kaki Bt Ave 1 Shun Li Ind Pk S()Singapore travel guideInternational calling cards,415997
10 Ubi Crescent CORE C #07-31 Ubi Techpark,408564
10 Admiralty Street 02-66/77 North Link Building,757695
133/07-432 Lor Ah Soo,530133
HDB Telok Blangah 38 Telok Blangah Rise #01-329,090038
10 Anson Road #17-18 International Plaza,079903
253 Alexandra Rd 02-00International calling cardsSingapore relocation service,159936
1 Thomson Rd #01-330A,300001
"141 MIDDLE ROAD, #06-05",188976
HDB Choa Chu Kang 610 Choa Chu Kang Street 62 #11-155,680610
244L Upper Thomson Road,574369
457 Jln Ahmad Ibrahim,639933
Senoko Fishery Port 31 Attap Valley Road #02-14International calling cardsSingapore travel guide,759908
41 Toh Guan Road East #04-01C ADL Building,608605
"450 LORONG 6 TOA PAYOH, #01-01",319394
"16 Jalan Kilang Timor. , 08-01 / 02 Redhill Forum",277432
30 WATTEN DRIVE,287665
10A Greenwood Avenue,289202
80 Marine Parade Rd #B1-40International calling cardsSingapore travel guide,449269
No.1 Second Chin Bee Road,618768
"BLK 79 CIRCUIT ROAD, #01-528",370079Singapore travel guideInternational calling cards
8 Lorong Bakar Batu 01-04,348743
362 Upper Paya Lebar Road #04-02 DA JIN FACTORY BUILDINGInternational calling cardsSingapore travel guide,534963
72 Tuas South Street 5,637807
"Blk 32 Chai Chee Ave, ,09-204Singapore travel guideInternational calling cards",461032
1009 Tai Seng Ave #01-2646,534418
2 Senang Crescent,416595International calling cardsSingapore travel guide
4 Sago Lane #01-115,050004
21 Joo Seng Road #08-178Singapore travel guideInternational calling cards,360021
371 Beach Road #02-37 Keypoint,199597
167 Jalan Bukit Merah #06-12 Connection OneSingapore travel guideInternational calling cards,150167
6001 BEACH ROAD 02-11 GOLDEN MILE TOWER,199589
3023 Ubi Road 3 #01-03 UBIPLEX 1,408663
"10 Ubi Crescent, Ubi TechPark, Lobby E ,06-99",408564
"2 FINLAYSON GREEN, #10-11",049247
BLK 1013 GEYLANY EAST AVE 05-132,389728
2 Jalan Kechubong,799359
4C Kovan Road,548026
30 Pasir Ris Coast Industrial Park,518455
151 North Buona Vista Road #02-08 PHASE Z.RO TECH PARK,139347
"100 HIGH STREET, #01-01",179434
16 Ayer Rajah Crescent #04-06A,139965
200 Turf Club Rd #02-01,287994
Block 9 Kallang Place #05-01,339154
"361 UBI ROAD 3, #01-02",408664
3 Woodlands Ind Pk E1 #05-01,757726
143 Cecil Street #19-01 GB BUILDING,069542
6 Battery Rd #19-01A,049909
Blk 615 Elias Road 05-100Singapore relocation serviceInternational calling cards,510615
1 Harbourfront Walk #02-171 Vivocity,098585
Godrej 11 Lok Yang Way,628632
"12 Arumugam Road ,04-01",409958
151 Petir Road 09-180,670151
International Plaza.,100074
2024 Bt Batok St 23 #03-26Singapore travel guideInternational calling cards,659529
32 Pandan Rd,609279
19 Kim Keat Rd #01-07 Fu Tsu Bldg S(),328804
213 Yishun Street 21 #03-165,760213
Blk 3023 Ubi Rd 3 #03-07 Ubiplex 1 S(),408663
400 Balestier Road #02-27 Balestier Plaza,329802
Post Centre 10 Eunos Road 8 #10-06b,408600
30 Woodlands Ave 2 01-01,738343
10 ADMIRALTY STREET 03-54 NORTHLINK BLDG,757695Singapore travel guideInternational calling cards
"Ubi Crescent, ,05-02",408559
5611 NORTH BRIDGE ROAD 03-06International calling cardsSingapore travel guide,198782
11/13 Loyang Lane Loyang Industrial Estate,508924
51 Changi Business Park Central 2 #07-01 THE SIGNATURESingapore travel guideInternational calling cards,486066
"149 ROCHOR ROAD, #05-01",188425
143 Braddell Road,359926
59 Ubi Ave 1 05-05 Bizlink Centre,408938
20 Mccallum Street 17-01/03 Asia Chambers,069046
2 Stadium Walk 01-06 Indoor Stadium,397691
Golden Mile Food Centre 505 Beach Road #02-209,199583
1003 Bukit Merah Central #02-09/11 Technopreneur Centre,159836
122 Eunos Avenue 7 #01-01 RICHFIELD INDUSTRIAL CENTRE,409575
100E Pasir Panjang Road #04-01 Century Warehouse,118521
"406c, 09-53 Fernvale Road",793406
46 Lorong 17geylang #05-02 Enterprise Industrial Building,388568
320 SERANGOON ROAD 04-55 SERANGOON PLAZAInternational calling cardsSingapore travel guide,218108
101 Thomson Road #B1-15/16 United Squar,307591
203 Henderson Road #04-06 Henderson Industrial Park,159546
"629 ALJUNIED ROAD, #06-15",389838
36 Robinson Road #13-01 City House,068877
"Centrepoint, 176 Orchard Road,",238843
258 Serangoon Road,218095
"24 Raffles Place, #01-23 Clifford Centre",048621
136 West Coast Way Hong Leong Garden Shopping Centre,127065
4A Boon Tiong Road,164004
"46 East Coast Road, 06-03",428766
16 Raffles Quay 29-00 Hong Leong Building,048581
"211 Holland Ave, , 02-25 Holland Shopping CentreInternational calling cardsSingapore travel guide",278967
298 Beach Rd #01-08,199554
"West Coast Plaza, 154 West Coast Road,",127371
BLK 9004 TAMPINES ST 93 01-90,528838
"21 Pasir Panjang Roa, Wholesale Centre, #01-147International calling cardsSingapore travel guide",110021
6020 Ang Mo Kio Industrial Park 3 #01-172,569472
10 Ubi Crescent CORE C #04-52 Ubi TechparkSingapore travel guideInternational calling cards,408564
Blk 4 Queen's Rd #02-139 S(),260004
2021 Bukit Batok Street 23 04-210,659526
Telok Blangah House 52 Telok Blangah Road #04-03,098829
71B DUXTON ROAD,089530
1 Maritime Sq #02-57,099253
80 Marine Parade Rd #08-08International calling cardsSingapore travel guide,449269
"21 HOUGANG STREET 51, #01-27",538719
"Bedok North Street 3 Block 538 Market And Food Centre 538 Bedok North Street 3 #01-133 , Singa",460538
320 Lavender St,338820
Olivine Building 130 Joo Seng Road #05-02,368357
AIA Alexandra 371 Alexandra Road #08-23,159963
7500A Beach Road #06-322 The PlazaInternational calling cardsSingapore relocation service,199591
418A 418a Joo Chiat Road,427640
"BLK 510 BISHAN STREET 13, #01-07",570510
20 Tuas Avenue 8,639235
Silat Avenue,160149
1003 Toa Payohlnd Pk #07-1515,319075
Block 2022 Bukit Batok Street 23 #04-174 Bukit Batok Industrial ParkInternational calling cardsSingapore travel guide,659527
159 GUL CIRCLE,629617
146B Paya Lebar Rd #01-01,409017
136 Dunlop Street,209454
"810 Geylang Road City Plaza, 03-39,",409286
76 Jln Senang S(),418401
190 Middle Road #04-28 Fortune CentreInternational calling cardsSingapore relocation service,188979
371 Beach Road #16-10 Keypoint,199597
3016 Bedok North Ave 4 #07-15 Eastech,489947
1 Rochor Canal Road 03-29 Sim Lim Square,188504
"Raffles City Shopping Centre, 252 North Bridge Road #03-26,",179103
451 Tagore Industrial Ave Sindo Industrial Estate,787822
150F East Coast Road,428842
BLK 456 ANG MO KIO AVENUE 10#01-1572,560456
"19 KIM KEAT ROAD, #08-01",328804
774 Woodlands Crescent #04-28,730774
8 JALAN LEMBAH KALLANG 04-01 MIN GHEE BUILDING,339564
80 Anson Road #13-08 Fuji Xerox Towers,079907
20 Bideford Rd #03-01International calling cardsSingapore travel guide,229921
6 Lakme St S(),456903
"BLK 2 SELETAR ROAD, #01-43",800002
89 Science Park Drive #03-01/02 The Rutherford,118261
3 JALAN GEYLAND 9 01-02,401003
7500A Beach Road #16-317 The Plaza,199591
JURONG PORT ROAD LOT A5052,610000
3791 Jalan Bukit Merah #10-19 E-Centre @ Redhill,159471
Blk 615 Elias Road 05-100,510615
Ben Foods 1 Fishery Port Road,619729
LOYANG CRESCENT,508988
30/32 Up Dickson Rd,207489
200 Middle Rd #09-03,188980
152 Beach Road #13-06 Gateway East,189721
"190 Middle Road, , 10-08, Fortune Centre",570251
3 Ang Mo Kio Industrial Park 2a 07-01,568050
111 North Bridge Road,179098
371 Beach Rd #01-10A Keypoint S(),199597
6001 BEACH ROAD 02-44 GOLDEN MILE TOWERInternational calling cardsSingapore relocation service,199589
"BLK 134 JURONG EAST STREET 13, #01-311",600134
"902 East Coast Parkway, #01-26",449874International calling cardsSingapore relocation service
29 Tuas Avenue 2,639460
35 Tannery Rd #04-01 Tannery Blk Ruby Ind Complex S()International calling cardsSingapore relocation service,347740
17/19 JLN KILANG BARAT,159359
"Marina Square, 6 Raffles BoulevardSingapore relocation serviceInternational calling cards",039594
150 SOUTH BRIDGE ROAD 01-03 FOOK HAI BLDG,058727
171B Edgedale Plains 12-448,822171
261 Waterloo St #03-27,180261
511 Guillemard Road 02-28,399849
1 Tanjong Pagar Plaza 02-28,082001
"157 Yung Loh Road ,05International calling cardsSingapore relocation service",610157
12 NEW INDUSTRIAL ROAD 05-05 THOVEN TECHNOCENTRE,536202
Tanjong Katong Complex 845 Geylang Road #02-23,400845International calling cardsSingapore relocation service
837 HOUGANG CENTRAL 01-527,530837
74 LORONG 6 GEYLANGSingapore relocation serviceInternational calling cards,399226
1 Kaki Bukit Road 1 02-47 Enterprise One,415934
10 Jalan Besat #16-02 Sim Lim TowerSingapore relocation serviceInternational calling cards,208787
212 Chua Chu Kang Central 07-140,680212
545 Upper Serangoon Road MONDO MANSION BUILDING,534554Singapore relocation serviceInternational calling cards
7 Joo Chiat Place,427742
180 Paya Lebar Rd #08-01 Yi Guang Fty BldgSingapore relocation serviceInternational calling cards,409302
257 Selegie Road #03-295 SELEGIE COMPLEX,188350
12 SUNGEI KADUT STREET 6Singapore relocation serviceInternational calling cards,728858
84 Redhill Lane 01-358,150084
100 Beach Road 16-04 Shaw Tower,189702
International Plaza 10 Anson Road,079903
52 Woodlands St 13 #01-10 S(),738603
99C Lorong 2 Toa Payoh #09-19,312099
101 Kitchener Road #01-11 JALAN BESAR PLAZAInternational calling cardsSingapore relocation service,208511
1 Irving Road #07-00 NEO INDUSTRIAL BUILDING I,369520
18 MANDAI ESTATE#03-05,729910Singapore travel guideInternational calling cards
5001 Beach Rd #01-24,199588
13 Tuas Link 1International calling cardsSingapore travel guide,638589
160 Changi Rd,419728
2024 BUKIT BATOK STREET 23 01-52Singapore travel guideInternational calling cards,659529
"BLK 46 SIMS PLACE, #01-199",380046
"39, Kaki Bukit View, Techpark II",415968
45 Jalan Unggas,298935
30 Kranji Way,739440
27 Woodlands Industrial Park E1 02-08 Hiangkie Industrial Building,757718
36 Gul Drive,629484
"196 PANDAN LOOP, #05-23",128384
629 Aljunied Road #03-10 CITITECH INDUSTRIAL BUILDING,389838
Blk 700 Ang Mo Kio Ave 6 P. O Box 584,915603
171 Bukit Batok West Avenue 8 #21-353,650171
302 Tiong Bahru Road,168732
Block 1004 Eunos Avenue 8 #01-29International calling cardsSingapore travel guide,409499
63 DUNLOP STREET,209391
17 Kaki Bukit Place Eunos Techpark,416195International calling cardsSingapore travel guide
221 BOON LAY PLACE 02-148 BOON LAY SHOPPING CENTRE,640221
77 High Street 03-05 High Street PlazaInternational calling cardsSingapore travel guide,179433
20 Peck Seah Street #05-00,079312
20 Kramat Lane #02-04 / 03-06 United HouseInternational calling cardsSingapore travel guide,228773
1002 Lorong 8 Toa Payoh Industrial Park #04-1451,319074
"Cheers - HarbourFront Centre, 1 Maritime Square,",099253
30 Marina Mall #01-06,019395
51 Bukit Batok Crescent 08-04,658077
161 Neil Road,088885
391B Orchard Road #08-02 NGEE ANN CITY TOWER B,238874
167 Jalan Bukit Merah TWR 4 #06-12 Connection One,150167
3 Shenton Way #02-11,068805
39 Jalan Pemimpin #01-02 TAI LEE INDUSTRIAL BUILDING,577182
5 Mohamed Sultan Road #01-01,239014
371 Beach Rd #01-10A Keypoint S(),199597
177 Toa Payoh Central #01-108International calling cardsSingapore travel guide,310177
25 Chin Bee Road,619831
3 Coleman Street #02-29 PENINSULA SHOPPING CENTRE,179804Singapore travel guideInternational calling cards
333 Orchard Rd #03-41,238867
18 tuas crescentInternational calling cardsSingapore travel guide,638712
105 Cecil Street #12-03/04 THE OCTAGON,069534
3017 Ubi Road 1 #04-137Singapore travel guideInternational calling cards,408708
237a cantonment road,089767
103 Amoy Street,069923
179 River Valley Road 05-12,179033
100 Jalan Sultan,199001
"170 UPPER BUKIT TIMAH ROAD, #05-39",588179
"144 Upper Bukit Timah Road, #02-35 Beauty World CentreInternational calling cardsSingapore travel guide",588177
11 Chin Bee Drive,619862
2 Corporation Road #03-09/11 Corporation Place,618494
Ban Guan Park 5 Greenleaf Avenue,279587
61 61 Bukit Batok Crescent 04-06 Heng Loong Building,658078
31 Exeter Road #04-00 Podium Block Comcentre,239732
Guan Hua Warehouse Building 85 Genting Lane #02-02Singapore travel guideInternational calling cards,349569
71 Tannery Lane #09-07 CITY INDUSTRIAL BUILDING,347807
"19 KIM KEAT ROAD, #08-01",328804
210 Middle Road #08-06 Ioi Plaza,188994
51 Ubi Ave 1 #01-22 Paya Ubi Industrial Park,408933
201D Tampines Street 21 #03-1143,524201
7500A BEACH ROAD 16-317 PLAZA THEInternational calling cardsSingapore relocation service,199591
231 Pandan Loop Level 4,128481
High Street Plaza 77 High Street #07-08,179433
"20 Biopolis Way, #01-03 Centros Block",138668
North Bridge Centre 420 North Bridge Road #02-08,188727
John Hochstadt Building 131 Lavender Street,338737
Sindo Industrial Estate 40 Tagore LaneInternational calling cardsSingapore travel guide,787489
Hougang Green Shopping Centre 21 Hougang Street 51 #01-51,538719
Sim Lim Square 1 Rochor Canal Road #01-46,188504Singapore travel guideInternational calling cards
457 Hougang Avenue 10 03-429,530457
3 COLEMAN STREET#02-21,179804
"11 COLLYER QUAY, #18-01",049317
International Plaza 10 Anson Road #24-06International calling cardsSingapore travel guide,079903
26B Sago Street,059021
5 Shenton Way #32-02 Uic Building,068808International calling cardsSingapore travel guide
15 Woodlands Loop #03-09 Woodlands East Industrial Estate,738322
15 MCCALLUM STREET 07-04International calling cardsSingapore travel guide,069045
442 Geylang Road,389402
"Blk.16, Upper Boon Keng ,01-1117International calling cardsSingapore travel guide",489947
